id;fopt;fhist;precision;runs
f1_1_2_RS-1000-1;79.49991129402326;79.48;2.5048817628832177E-4;1000
f1_2_2_RS-1000-1;394.4869682117248;394.48;1.7664140592760675E-5;1000
f1_3_2_RS-1000-1;-247.1091409034011;-247.11;3.476581652953035E-6;1000
f1_4_2_RS-1000-1;-152.00624568135848;-152.04;2.2203410909331128E-4;1000
f1_5_2_RS-1000-1;-25.224261257728795;-25.25;0.0010198759379470373;1000
f2_1_2_RS-1000-1;-207.98581799393114;-209.88;0.009065982066503319;1000
f2_2_2_RS-1000-1;-86.55934526753488;-92.09;0.061916316840487;1000
f2_3_2_RS-1000-1;-81.92130593605688;-87.89;0.07029795844324586;1000
f2_4_2_RS-1000-1;325.327795422566;320.19;0.01591836959104348;1000
f2_5_2_RS-1000-1;-72.54721723387573;-104.24;0.3585415649616475;1000
f3_1_2_RS-1000-1;-455.93778639482684;-462.09;0.013403109788938735;1000
f3_2_2_RS-1000-1;83.75994735488145;77.66;0.07557860666960481;1000
f3_3_2_RS-1000-1;119.38535079077054;115.68;0.0315261332927679;1000
f3_4_2_RS-1000-1;-1.012665578573002;-3.71;1.1422932140971214;1000
f3_5_2_RS-1000-1;133.90610894943742;132.18;0.012974062841930757;1000
f4_1_2_RS-1000-1;-456.78763439691926;-462.09;0.011540961287104962;1000
f4_2_2_RS-1000-1;83.43178820532637;77.66;0.07165837898539802;1000
f4_3_2_RS-1000-1;118.23499048636785;115.68;0.0218454617299676;1000
f4_4_2_RS-1000-1;0.7698060725374063;-3.71;2.0;1000
f4_5_2_RS-1000-1;133.80898666665428;132.18;0.012248527182035306;1000
f5_1_2_RS-1000-1;-7.725632929521815;-9.21;0.175295139739439;1000
f5_2_2_RS-1000-1;656.9978488440507;655.99;0.0015351990423034504;1000
f5_3_2_RS-1000-1;67.46774395045391;66.71;0.011294629469008164;1000
f5_4_2_RS-1000-1;942.3707737021938;941.67;7.439050279329019E-4;1000
f5_5_2_RS-1000-1;-37.108044628711674;-37.45;0.009172863183073456;1000
f6_1_2_RS-1000-1;36.187093249061355;35.9;0.00796517756845731;1000
f6_2_2_RS-1000-1;31.66803446745977;31.37;0.00945570305221409;1000
f6_3_2_RS-1000-1;-999.7776603148127;-1000.0;2.2236440540325474E-4;1000
f6_4_2_RS-1000-1;132.0804004564588;131.92;0.0012151531299306269;1000
f6_5_2_RS-1000-1;591.6168945537357;590.84;0.0013140344604763027;1000
f7_1_2_RS-1000-1;93.34064971526921;92.94;0.004301570945577068;1000
f7_2_2_RS-1000-1;35.777168563633424;35.35;0.012011403582057654;1000
f7_3_2_RS-1000-1;3.9278089866737953;3.82;0.02782954170894676;1000
f7_4_2_RS-1000-1;21.86719189415659;21.75;0.0053736560776756846;1000
f7_5_2_RS-1000-1;64.79000022543681;64.79;3.479500024812778E-9;1000
f8_1_2_RS-1000-1;149.68076778009547;149.15;0.003552296733287132;1000
f8_2_2_RS-1000-1;-999.3610239249065;-1000.0;6.391802855485923E-4;1000
f8_3_2_RS-1000-1;98.91841016440657;98.62;0.003021287497031104;1000
f8_4_2_RS-1000-1;-46.12019892034564;-47.15;0.022082103213563915;1000
f8_5_2_RS-1000-1;38.71695691802875;37.52;0.03140096264114357;1000
f9_1_2_RS-1000-1;124.56974280897855;123.83;0.005956067430773599;1000
f9_2_2_RS-1000-1;47.57930970629962;47.51;0.0014577812482537867;1000
f9_3_2_RS-1000-1;55.347342063367165;55.34;1.3266310727668313E-4;1000
f9_4_2_RS-1000-1;-90.3140963930717;-90.33;1.7607668610104306E-4;1000
f9_5_2_RS-1000-1;65.87546046207567;65.61;0.00403786793068626;1000
f1_1_2_RS-1000-1;-52.12479845580879;79.48;2.0;1000
f1_2_2_RS-1000-1;70.19519783515392;394.48;1.395748271806355;1000
f1_3_2_RS-1000-1;-476.9544168899252;-247.11;0.6348728414998659;1000
f1_4_2_RS-1000-1;-159.60302687765977;-152.04;0.048536474269509404;1000
f1_5_2_RS-1000-1;-447.8725960231417;-25.25;1.7865246748961874;1000
f11_1_2_RS-1000-1;108.70001473092195;76.27;0.3506515883463412;1000
f11_2_2_RS-1000-1;51.209898865062925;-22.55;2.0;1000
f11_3_2_RS-1000-1;15.313819670991132;13.66;0.11415958888202453;1000
f11_4_2_RS-1000-1;940.1587279454207;937.84;0.002469360506923631;1000
f11_5_2_RS-1000-1;-77.12478183153353;-78.72;0.02047188426483072;1000
f12_1_2_RS-1000-1;-583.6014238869407;-621.11;0.062269810627411194;1000
f12_2_2_RS-1000-1;128.7311313221607;-254.82;2.0;1000
f12_3_2_RS-1000-1;883.1088346912821;56.61;1.759034307241069;1000
f12_4_2_RS-1000-1;-5.616624584045697;-18.1;1.052710968351874;1000
f12_5_2_RS-1000-1;57.49587523825268;37.77;0.41412258458592377;1000
f13_1_2_RS-1000-1;33.41990607514976;29.97;0.10884717421918381;1000
f13_2_2_RS-1000-1;-48.90467183489252;-51.71;0.05576379893602382;1000
f13_3_2_RS-1000-1;-275.58948849070885;-279.95;0.01569829543940357;1000
f13_4_2_RS-1000-1;934.3278365274416;931.99;0.0025052930231771065;1000
f13_5_2_RS-1000-1;117.70533813981811;113.31;0.038052349036304285;1000
f14_1_2_RS-1000-1;-52.28298074168467;-52.35;0.0012810350587409763;1000
f14_2_2_RS-1000-1;-179.5118251609119;-179.54;1.5694023599770835E-4;1000
f14_3_2_RS-1000-1;77.39749307115574;77.31;0.001131077356615076;1000
f14_4_2_RS-1000-1;39.95077991585341;39.92;7.707428395174257E-4;1000
f14_5_2_RS-1000-1;-56.60320810583853;-56.61;1.1998413038727679E-4;1000
f15_1_2_RS-1000-1;1002.1531206328567;1000.0;0.00215080516137161;1000
f15_2_2_RS-1000-1;75.48175877989739;70.03;0.07493220926762045;1000
f15_3_2_RS-1000-1;-43.38281410090361;-48.22;0.1056121680665414;1000
f15_4_2_RS-1000-1;31.53167822865994;25.47;0.2126842021858992;1000
f15_5_2_RS-1000-1;-97.6984966851623;-100.81;0.03134881747427265;1000
f16_1_2_RS-1000-1;71.44710259768797;71.35;0.0013600079542447365;1000
f16_2_2_RS-1000-1;-355.11590698966853;-355.22;2.9308108827732484E-4;1000
f16_3_2_RS-1000-1;99.47068234703039;99.17;0.003027399457932678;1000
f16_4_2_RS-1000-1;-517.649670786881;-517.91;5.027797440608971E-4;1000
f16_5_2_RS-1000-1;-57.201864917071894;-57.21;1.4220698061346806E-4;1000
f17_1_2_RS-1000-1;-16.644774712387086;-16.94;0.0175809002824144;1000
f17_2_2_RS-1000-1;20.038432608943243;18.81;0.06324232543994314;1000
f17_3_2_RS-1000-1;273.9966472576144;273.15;0.0030947727153514686;1000
f17_4_2_RS-1000-1;38.17370274080139;37.18;0.026374357321749333;1000
f17_5_2_RS-1000-1;-147.4987120109657;-147.9;0.0027169244327605938;1000
f18_1_2_RS-1000-1;-15.906591895925956;-16.94;0.06292330768125878;1000
f18_2_2_RS-1000-1;19.142387661710263;18.81;0.01751603428342962;1000
f18_3_2_RS-1000-1;273.7732301342951;273.15;0.0022790406402817495;1000
f18_4_2_RS-1000-1;39.39993165240373;37.18;0.05797685123251346;1000
f18_5_2_RS-1000-1;-146.97840878642342;-147.9;0.0062506523781745375;1000
f19_1_2_RS-1000-1;-102.48636978727666;-102.55;6.20672447423401E-4;1000
f19_2_2_RS-1000-1;71.7214389905211;71.69;4.384446699983796E-4;1000
f19_3_2_RS-1000-1;214.23858609518004;214.01;0.0010675392872365234;1000
f19_4_2_RS-1000-1;-58.44726118891687;-58.48;5.599859391255651E-4;1000
f19_5_2_RS-1000-1;-612.9825380544955;-613.08;1.589836447644139E-4;1000
f2_1_2_RS-1000-1;-545.8560778783553;-209.88;0.8891360031972291;1000
f2_2_2_RS-1000-1;1000.4843370255563;-92.09;2.0;1000
f2_3_2_RS-1000-1;209.17576243808702;-87.89;2.0;1000
f2_4_2_RS-1000-1;-144.1488173869692;320.19;2.0;1000
f2_5_2_RS-1000-1;-4.830113245322927;-104.24;1.822862080120558;1000
f21_1_2_RS-1000-1;40.780533115607234;40.78;1.3072881867443283E-5;1000
f21_2_2_RS-1000-1;-1.5623730503415245;-1.6;0.02379665463846019;1000
f21_3_2_RS-1000-1;-370.83676194140554;-370.84;8.731724547922776E-6;1000
f21_4_2_RS-1000-1;-32.55933547089239;-32.56;2.040957890016432E-5;1000
f21_5_2_RS-1000-1;515.4035801586563;515.4;6.946345017040186E-6;1000
f22_1_2_RS-1000-1;-999.9939961232028;-1000.0;6.00389482051701E-6;1000
f22_2_2_RS-1000-1;1000.0007293074071;1000.0;7.293071411967274E-7;1000
f22_3_2_RS-1000-1;-49.12990458700841;-49.13;1.9420534142004273E-6;1000
f22_4_2_RS-1000-1;297.73000045153276;297.73;1.5165846287597954E-9;1000
f22_5_2_RS-1000-1;51.6081352158268;51.57;7.392111855293351E-4;1000
f23_1_2_RS-1000-1;7.876885202791003;6.87;0.1365556439810679;1000
f23_2_2_RS-1000-1;1.0154604806531264;0.01;1.9609931335681277;1000
f23_3_2_RS-1000-1;-128.98540412390838;-130.61;0.012516368551087221;1000
f23_4_2_RS-1000-1;-222.65468296822394;-223.12;0.0020876781457292225;1000
f23_5_2_RS-1000-1;-43.02195069905545;-44.43;0.03220166707978889;1000
f24_1_2_RS-1000-1;105.27492865550603;102.61;0.025638497920377725;1000
f24_2_2_RS-1000-1;95.94012646068511;93.3;0.027902395861414728;1000
f24_3_2_RS-1000-1;13.952729845343065;13.64;0.022667553887992326;1000
f24_4_2_RS-1000-1;198.27998898071465;194.8;0.01770626375429848;1000
f24_5_2_RS-1000-1;-131.1401594753863;-133.59;0.018508208732004962;1000
f1_1_3_RS-1000-1;79.65695313482662;79.48;0.0022239100515729655;1000
f1_2_3_RS-1000-1;394.7039518285399;394.48;5.675529210167015E-4;1000
f1_3_3_RS-1000-1;-246.50893076410486;-247.11;0.002435357310809449;1000
f1_4_3_RS-1000-1;-151.75336474986955;-152.04;0.0018870408862711535;1000
f1_5_3_RS-1000-1;-25.136701984803253;-25.25;0.00449713955205555;1000
f2_1_3_RS-1000-1;440.3101627458319;-209.88;2.0;1000
f2_2_3_RS-1000-1;-8.436723029848906;-92.09;1.6642992917477741;1000
f2_3_3_RS-1000-1;61.56745547867594;-87.89;2.0;1000
f2_4_3_RS-1000-1;545.3871134132456;320.19;0.5203398054858956;1000
f2_5_3_RS-1000-1;1609.7339186206407;-104.24;2.0;1000
f3_1_3_RS-1000-1;-451.85083349559335;-462.09;0.022406628808222508;1000
f3_2_3_RS-1000-1;90.62973788347081;77.66;0.1541358141807966;1000
f3_3_3_RS-1000-1;131.29010805614578;115.68;0.12641293457746716;1000
f3_4_3_RS-1000-1;5.379910844976895;-3.71;2.0;1000
f3_5_3_RS-1000-1;148.8209182366146;132.18;0.11844031216013495;1000
f4_1_3_RS-1000-1;-451.0930025003389;-462.09;0.02408498070934469;1000
f4_2_3_RS-1000-1;91.10996040004778;77.66;0.1593880850379577;1000
f4_3_3_RS-1000-1;126.86963721698021;115.68;0.09226678172245766;1000
f4_4_3_RS-1000-1;15.244095118193446;-3.71;2.0;1000
f4_5_3_RS-1000-1;140.56617954257837;132.18;0.06149438688118596;1000
f5_1_3_RS-1000-1;-2.043831803374287;-9.21;1.273551679433675;1000
f5_2_3_RS-1000-1;658.2728979825787;655.99;0.003474035500938163;1000
f5_3_3_RS-1000-1;71.43612446913559;66.71;0.06842210720419453;1000
f5_4_3_RS-1000-1;943.4861589870407;941.67;0.0019267995156608978;1000
f5_5_3_RS-1000-1;-33.95386464071322;-37.45;0.09792566205984732;1000
f6_1_3_RS-1000-1;40.44294128696034;35.9;0.11901404924612968;1000
f6_2_3_RS-1000-1;36.34192305169092;31.37;0.14685517195827918;1000
f6_3_3_RS-1000-1;-996.3939418063234;-1000.0;0.003612571765684577;1000
f6_4_3_RS-1000-1;134.70302712370736;131.92;0.02087611976902584;1000
f6_5_3_RS-1000-1;595.0354086880556;590.84;0.007075631482563485;1000
f7_1_3_RS-1000-1;94.23113949036582;92.94;0.013796352299626623;1000
f7_2_3_RS-1000-1;36.61255635687438;35.35;0.03508925810287084;1000
f7_3_3_RS-1000-1;4.68018467417921;3.82;0.20239199668030056;1000
f7_4_3_RS-1000-1;22.81560128145754;21.75;0.047821694347963614;1000
f7_5_3_RS-1000-1;66.2766997363095;64.79;0.022686155053885562;1000
f8_1_3_RS-1000-1;156.27898992403016;149.15;0.04668181580146244;1000
f8_2_3_RS-1000-1;-995.499838462553;-1000.0;0.004510310099462737;1000
f8_3_3_RS-1000-1;128.35221505645947;98.62;0.26198990963773744;1000
f8_4_3_RS-1000-1;-46.401943621629414;-47.15;0.015992321472145927;1000
f8_5_3_RS-1000-1;44.279121191596914;37.52;0.16526146230263566;1000
f9_1_3_RS-1000-1;140.45375270797638;123.83;0.1258023055722612;1000
f9_2_3_RS-1000-1;75.5365535854187;47.51;0.4555439021859758;1000
f9_3_3_RS-1000-1;77.13747161837163;55.34;0.3290743905675328;1000
f9_4_3_RS-1000-1;-78.27171837396833;-90.33;0.14303865633546758;1000
f9_5_3_RS-1000-1;85.81476352484542;65.61;0.26686207796560657;1000
f1_1_3_RS-1000-1;689.2004543861997;79.48;1.5864081125181426;1000
f1_2_3_RS-1000-1;810.3777145785892;394.48;0.6903681813151745;1000
f1_3_3_RS-1000-1;-42.38690610151514;-247.11;1.4143370072956605;1000
f1_4_3_RS-1000-1;57.912783551261924;-152.04;2.0;1000
f1_5_3_RS-1000-1;931.4504853262222;-25.25;2.0;1000
f11_1_3_RS-1000-1;82.8993198865543;76.27;0.08329896604797023;1000
f11_2_3_RS-1000-1;-17.560160732344244;-22.55;0.24880674505161104;1000
f11_3_3_RS-1000-1;239.73596099169092;13.66;1.784369096546919;1000
f11_4_3_RS-1000-1;994.6431735903057;937.84;0.05878775491201055;1000
f11_5_3_RS-1000-1;110.23962999940943;-78.72;2.0;1000
f12_1_3_RS-1000-1;3471.3760833164456;-621.11;2.0;1000
f12_2_3_RS-1000-1;14128.055297566867;-254.82;2.0;1000
f12_3_3_RS-1000-1;12287.05418066377;56.61;1.9816553661306893;1000
f12_4_3_RS-1000-1;103083.74237399265;-18.1;2.0;1000
f12_5_3_RS-1000-1;21419.239268301237;37.77;1.9929589441794577;1000
f13_1_3_RS-1000-1;79.31881117335722;29.97;0.9030899072564463;1000
f13_2_3_RS-1000-1;-11.00596425066037;-51.71;1.298043846911308;1000
f13_3_3_RS-1000-1;-227.9057412944654;-279.95;0.20495685870511107;1000
f13_4_3_RS-1000-1;958.6816264120051;931.99;0.028235073758057894;1000
f13_5_3_RS-1000-1;188.85637782566135;113.31;0.5000316604996257;1000
f14_1_3_RS-1000-1;-51.81378478316412;-52.35;0.010295617002629355;1000
f14_2_3_RS-1000-1;-178.86955638287836;-179.54;0.0037412150718739165;1000
f14_3_3_RS-1000-1;77.76667562314199;77.31;0.005889675172709735;1000
f14_4_3_RS-1000-1;40.39155950751139;39.92;0.011743253658703582;1000
f14_5_3_RS-1000-1;-56.44828703489521;-56.61;0.002860700782683502;1000
f15_1_3_RS-1000-1;1015.8575905817577;1000.0;0.01573284805022494;1000
f15_2_3_RS-1000-1;86.97103331642705;70.03;0.2158079212419363;1000
f15_3_3_RS-1000-1;-38.237647491517926;-48.22;0.23091890186952888;1000
f15_4_3_RS-1000-1;34.637145525410745;25.47;0.30502681321092734;1000
f15_5_3_RS-1000-1;-89.59957977573205;-100.81;0.1177505904636919;1000
f16_1_3_RS-1000-1;72.97513756977293;71.35;0.02252050608976237;1000
f16_2_3_RS-1000-1;-354.3204015567681;-355.22;0.0025357215494936107;1000
f16_3_3_RS-1000-1;99.20120061211959;99.17;3.145679617133342E-4;1000
f16_4_3_RS-1000-1;-516.1451089983884;-517.91;0.0034135337396496456;1000
f16_5_3_RS-1000-1;-54.97108659380311;-57.21;0.03991605847612766;1000
f17_1_3_RS-1000-1;-16.230736374270023;-16.94;0.042764418475806996;1000
f17_2_3_RS-1000-1;20.322049373589984;18.81;0.07727933485694002;1000
f17_3_3_RS-1000-1;274.4777571070465;273.15;0.004849122747395663;1000
f17_4_3_RS-1000-1;37.8145191047278;37.18;0.016921746076982293;1000
f17_5_3_RS-1000-1;-146.0425301847122;-147.9;0.012638319566212987;1000
f18_1_3_RS-1000-1;-12.77371090099582;-16.94;0.28042872954414816;1000
f18_2_3_RS-1000-1;21.087043464902223;18.81;0.11414597509739582;1000
f18_3_3_RS-1000-1;279.28137754271484;273.15;0.022197788872847908;1000
f18_4_3_RS-1000-1;38.03627337435371;37.18;0.022768300952428565;1000
f18_5_3_RS-1000-1;-143.2547305173671;-147.9;0.031909283935579486;1000
f19_1_3_RS-1000-1;-101.85146267821973;-102.55;0.006834954237875893;1000
f19_2_3_RS-1000-1;72.12107062279308;71.69;0.005994957424713933;1000
f19_3_3_RS-1000-1;215.53969101206667;214.01;0.007122300604908161;1000
f19_4_3_RS-1000-1;-58.23175846004881;-58.48;0.0042539251096308794;1000
f19_5_3_RS-1000-1;-612.2108694369783;-613.08;0.0014186518233357582;1000
f2_1_3_RS-1000-1;-544.5788392712611;-209.88;0.8872553991004993;1000
f2_2_3_RS-1000-1;1001.5539689119579;-92.09;2.0;1000
f2_3_3_RS-1000-1;209.45000947035967;-87.89;2.0;1000
f2_4_3_RS-1000-1;-143.12761736174295;320.19;2.0;1000
f2_5_3_RS-1000-1;-4.010902086830599;-104.24;1.8517923819752242;1000
f21_1_3_RS-1000-1;40.92674669415006;40.78;0.003592033708045481;1000
f21_2_3_RS-1000-1;-1.5187102601000768;-1.6;0.052130357179967564;1000
f21_3_3_RS-1000-1;-370.3291669221141;-370.84;0.0013784520476134653;1000
f21_4_3_RS-1000-1;-31.971195326568296;-32.56;0.018248683305864266;1000
f21_5_3_RS-1000-1;515.6345605169091;515.4;4.5500029948859224E-4;1000
f22_1_3_RS-1000-1;-999.9948239999925;-1000.0;5.17601340303188E-6;1000
f22_2_3_RS-1000-1;1000.2139432865164;1000.0;2.139204030993366E-4;1000
f22_3_3_RS-1000-1;-49.11644776212084;-49.13;2.758825013597224E-4;1000
f22_4_3_RS-1000-1;298.2791654018581;297.73;0.0018428085799244932;1000
f22_5_3_RS-1000-1;53.339027055348545;51.57;0.03372497305527828;1000
f23_1_3_RS-1000-1;7.875550014452956;6.87;0.1363869117757369;1000
f23_2_3_RS-1000-1;1.6844411193347686;0.01;1.9763933962983005;1000
f23_3_3_RS-1000-1;-128.5517267252297;-130.61;0.015884083662959517;1000
f23_4_3_RS-1000-1;-220.66814100013454;-223.12;0.011049682374747015;1000
f23_5_3_RS-1000-1;-42.32471712200686;-44.43;0.04853414195408858;1000
f24_1_3_RS-1000-1;111.1189576189688;102.61;0.07962381619937889;1000
f24_2_3_RS-1000-1;102.3744075138298;93.3;0.09275007017142432;1000
f24_3_3_RS-1000-1;22.746483083964968;13.64;0.5005420866287609;1000
f24_4_3_RS-1000-1;201.8323213169879;194.8;0.035460152584830165;1000
f24_5_3_RS-1000-1;-123.10571186453637;-133.59;0.08168650780575877;1000
f1_1_5_RS-1000-1;83.49342226055631;79.48;0.04925247570907346;1000
f1_2_5_RS-1000-1;397.05653396279575;394.48;0.006510208568381354;1000
f1_3_5_RS-1000-1;-245.46771810743928;-247.11;0.006668112795969074;1000
f1_4_5_RS-1000-1;-150.1291810285692;-152.04;0.012647345205268458;1000
f1_5_5_RS-1000-1;-22.671824662265642;-25.25;0.10759921417451583;1000
f2_1_5_RS-1000-1;18876.686176013634;-209.88;2.0;1000
f2_2_5_RS-1000-1;4437.755996041562;-92.09;2.0;1000
f2_3_5_RS-1000-1;10533.44205684552;-87.89;2.0;1000
f2_4_5_RS-1000-1;5355.267604192392;320.19;1.774333615133709;1000
f2_5_5_RS-1000-1;7119.649919129923;-104.24;2.0;1000
f3_1_5_RS-1000-1;-412.0704534374964;-462.09;0.11444019542593059;1000
f3_2_5_RS-1000-1;133.19258896791493;77.66;0.5267432497721452;1000
f3_3_5_RS-1000-1;166.34794244824707;115.68;0.35931150657204664;1000
f3_4_5_RS-1000-1;37.471353103728156;-3.71;2.0;1000
f3_5_5_RS-1000-1;178.55268878547838;132.18;0.29847319229096525;1000
f4_1_5_RS-1000-1;-394.24864266332065;-462.09;0.15844516166100878;1000
f4_2_5_RS-1000-1;142.1557953409021;77.66;0.5868167502783735;1000
f4_3_5_RS-1000-1;177.30129338451673;115.68;0.42065001947850117;1000
f4_4_5_RS-1000-1;60.825836468399324;-3.71;2.0;1000
f4_5_5_RS-1000-1;162.42946582010495;132.18;0.2053529796532467;1000
f5_1_5_RS-1000-1;11.058415649936379;-9.21;2.0;1000
f5_2_5_RS-1000-1;668.6495870055555;655.99;0.0191140097725351;1000
f5_3_5_RS-1000-1;91.92620778656556;66.71;0.31791238757411916;1000
f5_4_5_RS-1000-1;969.6617811307564;941.67;0.029290342374986605;1000
f5_5_5_RS-1000-1;-14.485034189992376;-37.45;0.8843728002949062;1000
f6_1_5_RS-1000-1;39.31777553362191;35.9;0.09087680430257308;1000
f6_2_5_RS-1000-1;57.09669673276073;31.37;0.5816131421855993;1000
f6_3_5_RS-1000-1;-979.4425003464006;-1000.0;0.020770999561747158;1000
f6_4_5_RS-1000-1;4450.319294695646;131.92;1.8848423301221222;1000
f6_5_5_RS-1000-1;620.9429932338205;590.84;0.04968380213603467;1000
f7_1_5_RS-1000-1;100.95550354772458;92.94;0.08267859131402372;1000
f7_2_5_RS-1000-1;39.91335945085222;35.35;0.12126377254876965;1000
f7_3_5_RS-1000-1;22.82037926132296;3.82;1.42643459201109;1000
f7_4_5_RS-1000-1;26.756422949811817;21.75;0.20642309390621597;1000
f7_5_5_RS-1000-1;74.37115342191323;64.79;0.1376986779186111;1000
f8_1_5_RS-1000-1;488.63682269520166;149.15;1.0645777260200386;1000
f8_2_5_RS-1000-1;-807.0738851811345;-1000.0;0.21352321717551384;1000
f8_3_5_RS-1000-1;194.37656811397144;98.62;0.6536361072783864;1000
f8_4_5_RS-1000-1;92.89881305213743;-47.15;2.0;1000
f8_5_5_RS-1000-1;71.99322846690268;37.52;0.629571951251921;1000
f9_1_5_RS-1000-1;252.6981346730475;123.83;0.6845073332166703;1000
f9_2_5_RS-1000-1;495.4337966519561;47.51;1.6499821875268215;1000
f9_3_5_RS-1000-1;449.9498100525135;55.34;1.5619147752514646;1000
f9_4_5_RS-1000-1;182.8061406908779;-90.33;2.0;1000
f9_5_5_RS-1000-1;279.11176988357073;65.61;1.238690378943463;1000
f1_1_5_RS-1000-1;7171.652723926439;79.48;1.9561558156354022;1000
f1_2_5_RS-1000-1;25226.59177684487;394.48;1.9384131931035746;1000
f1_3_5_RS-1000-1;17697.5796094943;-247.11;2.0;1000
f1_4_5_RS-1000-1;54905.13412030768;-152.04;2.0;1000
f1_5_5_RS-1000-1;15264.040691423364;-25.25;2.0;1000
f11_1_5_RS-1000-1;141.37115185593763;76.27;0.5982430372269836;1000
f11_2_5_RS-1000-1;67.67462877225736;-22.55;2.0;1000
f11_3_5_RS-1000-1;74.4342322996456;13.66;1.379755080739607;1000
f11_4_5_RS-1000-1;1114.9879690860346;937.84;0.1725892006088604;1000
f11_5_5_RS-1000-1;7.849137354460453;-78.72;2.0;1000
f12_1_5_RS-1000-1;1329801.765848187;-621.11;2.0;1000
f12_2_5_RS-1000-1;3039284.4811771535;-254.82;2.0;1000
f12_3_5_RS-1000-1;3030594.0308362236;56.61;1.999925283370855;1000
f12_4_5_RS-1000-1;2818218.6342853853;-18.1;2.0;1000
f12_5_5_RS-1000-1;2652659.211239511;37.77;1.9999430466423158;1000
f13_1_5_RS-1000-1;278.67380650057805;29.97;1.6115911044540092;1000
f13_2_5_RS-1000-1;107.54209322964306;-51.71;2.0;1000
f13_3_5_RS-1000-1;42.430969683598164;-279.95;2.0;1000
f13_4_5_RS-1000-1;1119.7560479068889;931.99;0.18303049551228862;1000
f13_5_5_RS-1000-1;323.5667918390273;113.31;0.9625450276447691;1000
f14_1_5_RS-1000-1;-50.252355707784034;-52.35;0.04088881347305806;1000
f14_2_5_RS-1000-1;-177.31026430432163;-179.54;0.012496757989097862;1000
f14_3_5_RS-1000-1;79.18046745639134;77.31;0.023905193546853904;1000
f14_4_5_RS-1000-1;42.338302372543836;39.92;0.05879777001940695;1000
f14_5_5_RS-1000-1;-53.03450693508002;-56.61;0.06521973904332506;1000
f15_1_5_RS-1000-1;1019.2015891328017;1000.0;0.019018991700623926;1000
f15_2_5_RS-1000-1;122.73209086503557;70.03;0.5468097033864973;1000
f15_3_5_RS-1000-1;-9.227469032700895;-48.22;1.3575021362595918;1000
f15_4_5_RS-1000-1;79.84494593756624;25.47;1.0326159398078463;1000
f15_5_5_RS-1000-1;-57.82126501874539;-100.81;0.5419957405770501;1000
f16_1_5_RS-1000-1;76.87445753303042;71.35;0.07454178109303392;1000
f16_2_5_RS-1000-1;-350.2366811825766;-355.22;0.014127922947925727;1000
f16_3_5_RS-1000-1;102.43513079199043;99.17;0.032391346184133425;1000
f16_4_5_RS-1000-1;-509.4639154518403;-517.91;0.01644208485562934;1000
f16_5_5_RS-1000-1;-51.480957819346344;-57.21;0.10541892896326877;1000
f17_1_5_RS-1000-1;-13.535440212960687;-16.94;0.22342973642043817;1000
f17_2_5_RS-1000-1;22.45583124817737;18.81;0.17669976045076757;1000
f17_3_5_RS-1000-1;277.20071432706493;273.15;0.01472048358115758;1000
f17_4_5_RS-1000-1;39.758645988107624;37.18;0.06703122871453195;1000
f17_5_5_RS-1000-1;-144.71451658833038;-147.9;0.02177255898859709;1000
f18_1_5_RS-1000-1;-8.122464853558826;-16.94;0.7036446892165197;1000
f18_2_5_RS-1000-1;31.481392941883698;18.81;0.5039189491739332;1000
f18_3_5_RS-1000-1;283.4466520574009;273.15;0.0369986129788616;1000
f18_4_5_RS-1000-1;50.56696608393372;37.18;0.3051265857130266;1000
f18_5_5_RS-1000-1;-136.92286076379827;-147.9;0.07708046472649542;1000
f19_1_5_RS-1000-1;-97.85904919779463;-102.55;0.0468137623623533;1000
f19_2_5_RS-1000-1;74.98275220367572;71.69;0.04489930343849101;1000
f19_3_5_RS-1000-1;216.04570013030337;214.01;0.009467146370512387;1000
f19_4_5_RS-1000-1;-54.08734382913681;-58.48;0.07804494663266974;1000
f19_5_5_RS-1000-1;-609.3655916505332;-613.08;0.006077012138350695;1000
f2_1_5_RS-1000-1;-542.172700700301;-209.88;0.8836952527153341;1000
f2_2_5_RS-1000-1;1118.907148026836;-92.09;2.0;1000
f2_3_5_RS-1000-1;212.96825985536293;-87.89;2.0;1000
f2_4_5_RS-1000-1;-143.2793744111513;320.19;2.0;1000
f2_5_5_RS-1000-1;-1.6858603125596403;-104.24;1.9363381026093116;1000
f21_1_5_RS-1000-1;42.70015188036638;40.78;0.046002596715878155;1000
f21_2_5_RS-1000-1;-1.0265962469282575;-1.6;0.43661354785100664;1000
f21_3_5_RS-1000-1;-366.5736191255645;-370.84;0.011571201734772961;1000
f21_4_5_RS-1000-1;-25.51582566982325;-32.56;0.24258542169421007;1000
f21_5_5_RS-1000-1;517.0842863023207;515.4;0.0032625897065276374;1000
f22_1_5_RS-1000-1;-993.4100276495583;-1000.0;0.006611758001651058;1000
f22_2_5_RS-1000-1;1000.6666757205752;1000.0;6.664535663694045E-4;1000
f22_3_5_RS-1000-1;-41.31108197602888;-49.13;0.17290633533206737;1000
f22_4_5_RS-1000-1;304.8952383614563;297.73;0.02378008057192763;1000
f22_5_5_RS-1000-1;56.26126490371651;51.57;0.0870112190171446;1000
f23_1_5_RS-1000-1;9.691098012771143;6.87;0.3406897309098278;1000
f23_2_5_RS-1000-1;1.1938314966193777;0.01;1.9667727583865942;1000
f23_3_5_RS-1000-1;-128.53675909484627;-130.61;0.016000515788005237;1000
f23_4_5_RS-1000-1;-221.19097774523536;-223.12;0.008683207714353318;1000
f23_5_5_RS-1000-1;-42.36806618287982;-44.43;0.04751105428491393;1000
f24_1_5_RS-1000-1;142.47064291045257;102.61;0.3252859339447451;1000
f24_2_5_RS-1000-1;125.95616050837747;93.3;0.2978813496748222;1000
f24_3_5_RS-1000-1;51.193457398893045;13.64;1.1584591939264441;1000
f24_4_5_RS-1000-1;214.61702956154858;194.8;0.09680608343415001;1000
f24_5_5_RS-1000-1;-102.94857240095554;-133.59;0.2590818680270405;1000
f1_1_10_RS-1000-1;104.47655329831301;79.48;0.27176583655356235;1000
f1_2_10_RS-1000-1;420.4211462379357;394.48;0.06366697692768092;1000
f1_3_10_RS-1000-1;-236.61031928857597;-247.11;0.043412196233006246;1000
f1_4_10_RS-1000-1;-131.71893260733177;-152.04;0.14322768418916143;1000
f1_5_10_RS-1000-1;-5.185823268335117;-25.25;1.318457960198454;1000
f2_1_10_RS-1000-1;234058.39786935478;-209.88;2.0;1000
f2_2_10_RS-1000-1;153130.77841462335;-92.09;2.0;1000
f2_3_10_RS-1000-1;178976.90636493868;-87.89;2.0;1000
f2_4_10_RS-1000-1;95674.36347307729;320.19;1.9866579930458323;1000
f2_5_10_RS-1000-1;156824.96204229374;-104.24;2.0;1000
f3_1_10_RS-1000-1;-312.869585010012;-462.09;0.3851050245105625;1000
f3_2_10_RS-1000-1;195.8365177252572;77.66;0.8641902917679722;1000
f3_3_10_RS-1000-1;288.1775306769719;115.68;0.8542494200260199;1000
f3_4_10_RS-1000-1;122.04128923313735;-3.71;2.0;1000
f3_5_10_RS-1000-1;310.5204436562769;132.18;0.8056935393303767;1000
f4_1_10_RS-1000-1;-310.81940265846987;-462.09;0.3914316395200408;1000
f4_2_10_RS-1000-1;305.0466700465055;77.66;1.188307849554198;1000
f4_3_10_RS-1000-1;326.6005977845941;115.68;0.9537863466817492;1000
f4_4_10_RS-1000-1;186.3201116837184;-3.71;2.0;1000
f4_5_10_RS-1000-1;345.56866908822224;132.18;0.8933093188745957;1000
f5_1_10_RS-1000-1;59.31740121867637;-9.21;2.0;1000
f5_2_10_RS-1000-1;741.0349044915575;655.99;0.12175145084118501;1000
f5_3_10_RS-1000-1;142.74604587772603;66.71;0.7260334315879671;1000
f5_4_10_RS-1000-1;1022.0701587495557;941.67;0.08188472226463192;1000
f5_5_10_RS-1000-1;35.27185535391628;-37.45;2.0;1000
f6_1_10_RS-1000-1;153.06271745328405;35.9;1.2400617331537833;1000
f6_2_10_RS-1000-1;6503.942961162144;31.37;1.9807996953251208;1000
f6_3_10_RS-1000-1;36023.5104009028;-1000.0;2.0;1000
f6_4_10_RS-1000-1;33397.917227641956;131.92;1.9842623751371815;1000
f6_5_10_RS-1000-1;800.0477874934897;590.84;0.300826262728932;1000
f7_1_10_RS-1000-1;167.57029283306653;92.94;0.5729546577331529;1000
f7_2_10_RS-1000-1;116.6254577272658;35.35;1.0695866154010503;1000
f7_3_10_RS-1000-1;61.80381817838279;3.82;1.7671577115725734;1000
f7_4_10_RS-1000-1;109.20031347258578;21.75;1.3356258744793819;1000
f7_5_10_RS-1000-1;162.65952196763345;64.79;0.8605823491821669;1000
f8_1_10_RS-1000-1;5298.495129312921;149.15;1.890484790062813;1000
f8_2_10_RS-1000-1;10444.464178902543;-1000.0;2.0;1000
f8_3_10_RS-1000-1;7510.982704536398;98.62;1.9481602370955802;1000
f8_4_10_RS-1000-1;9345.817248275009;-47.15;2.0;1000
f8_5_10_RS-1000-1;7315.069948744315;37.52;1.979588144987518;1000
f9_1_10_RS-1000-1;8766.54173652286;123.83;1.9442857942637923;1000
f9_2_10_RS-1000-1;8703.440084750446;47.51;1.978283500858819;1000
f9_3_10_RS-1000-1;7353.698638990006;55.34;1.9701229794058441;1000
f9_4_10_RS-1000-1;3100.6403093790755;-90.33;2.0;1000
f9_5_10_RS-1000-1;9134.757947967419;65.61;1.9714750538799939;1000
f1_1_10_RS-1000-1;59629.396799056165;79.48;1.9946754985683295;1000
f1_2_10_RS-1000-1;266172.6326725046;394.48;1.9940805901216385;1000
f1_3_10_RS-1000-1;58864.49582284742;-247.11;2.0;1000
f1_4_10_RS-1000-1;181188.22078509128;-152.04;2.0;1000
f1_5_10_RS-1000-1;340914.72178063204;-25.25;2.0;1000
f11_1_10_RS-1000-1;165.72771073873105;76.27;0.7393269173137976;1000
f11_2_10_RS-1000-1;295.52611825416335;-22.55;2.0;1000
f11_3_10_RS-1000-1;167.22479892012544;13.66;1.697929287998779;1000
f11_4_10_RS-1000-1;1191.379081019966;937.84;0.23815217821410126;1000
f11_5_10_RS-1000-1;-16.48291594329345;-78.72;1.3074617187939364;1000
f12_1_10_RS-1000-1;1.7185390554214038E7;-621.11;2.0;1000
f12_2_10_RS-1000-1;1.8634702528018113E7;-254.82;2.0;1000
f12_3_10_RS-1000-1;1.2691669131892582E7;56.61;1.9999821584546813;1000
f12_4_10_RS-1000-1;1.3077417998159245E7;-18.1;2.0;1000
f12_5_10_RS-1000-1;2.2356780831224095E7;37.77;1.9999932423301054;1000
f13_1_10_RS-1000-1;519.2368263056236;29.97;1.781721576903181;1000
f13_2_10_RS-1000-1;671.2360141362748;-51.71;2.0;1000
f13_3_10_RS-1000-1;636.2229843950779;-279.95;2.0;1000
f13_4_10_RS-1000-1;1835.3561092385298;931.99;0.6528754073968018;1000
f13_5_10_RS-1000-1;903.7847006090344;113.31;1.5543777784619264;1000
f14_1_10_RS-1000-1;-42.55796788528141;-52.35;0.20634794597129225;1000
f14_2_10_RS-1000-1;-165.85796921719287;-179.54;0.0792247320609091;1000
f14_3_10_RS-1000-1;83.76259206634266;77.31;0.08012029835199973;1000
f14_4_10_RS-1000-1;47.22579676954325;39.92;0.16766836819137482;1000
f14_5_10_RS-1000-1;-43.184908135151574;-56.61;0.26905364443378044;1000
f15_1_10_RS-1000-1;1194.4652149475744;1000.0;0.1772324424401689;1000
f15_2_10_RS-1000-1;253.5081699191418;70.03;1.1341979832858449;1000
f15_3_10_RS-1000-1;92.33936329854092;-48.22;2.0;1000
f15_4_10_RS-1000-1;140.71925625191096;25.47;1.3869639813203718;1000
f15_5_10_RS-1000-1;72.96327080459406;-100.81;2.0;1000
f16_1_10_RS-1000-1;81.3367740503267;71.35;0.1308138718948242;1000
f16_2_10_RS-1000-1;-342.1849097309601;-355.22;0.03738169917406665;1000
f16_3_10_RS-1000-1;114.90542457684032;99.17;0.14700822953353282;1000
f16_4_10_RS-1000-1;-500.57979593386335;-517.91;0.03403117858485049;1000
f16_5_10_RS-1000-1;-36.219826095330475;-57.21;0.44932490580154455;1000
f17_1_10_RS-1000-1;-8.775248491801744;-16.94;0.6350124526932924;1000
f17_2_10_RS-1000-1;25.623034763384997;18.81;0.3066652907984252;1000
f17_3_10_RS-1000-1;280.36796204874923;273.15;0.026080317328938132;1000
f17_4_10_RS-1000-1;44.64596550228079;37.18;0.18248401852521215;1000
f17_5_10_RS-1000-1;-140.43273354713622;-147.9;0.05179617562667781;1000
f18_1_10_RS-1000-1;4.410074702245627;-16.94;2.0;1000
f18_2_10_RS-1000-1;41.65787868371504;18.81;0.7557030007030274;1000
f18_3_10_RS-1000-1;306.1514053870852;273.15;0.11393518151413401;1000
f18_4_10_RS-1000-1;65.6443778368363;37.18;0.5536503781623482;1000
f18_5_10_RS-1000-1;-123.17583664706808;-147.9;0.18241510315891404;1000
f19_1_10_RS-1000-1;-92.51509614893669;-102.55;0.10288774413441373;1000
f19_2_10_RS-1000-1;80.19462509515546;71.69;0.11198796573158512;1000
f19_3_10_RS-1000-1;225.23864144460487;214.01;0.051126584741052444;1000
f19_4_10_RS-1000-1;-49.770883884795445;-58.48;0.16090614326019015;1000
f19_5_10_RS-1000-1;-602.8265134878169;-613.08;0.016865583658682952;1000
f2_1_10_RS-1000-1;2717.411486575677;-209.88;2.0;1000
f2_2_10_RS-1000-1;3745.4519343249744;-92.09;2.0;1000
f2_3_10_RS-1000-1;2718.429354667178;-87.89;2.0;1000
f2_4_10_RS-1000-1;2731.9064521793102;320.19;1.5803671279505305;1000
f2_5_10_RS-1000-1;1131.944692655382;-104.24;2.0;1000
f21_1_10_RS-1000-1;72.92442854534417;40.78;0.5654032821162335;1000
f21_2_10_RS-1000-1;41.411417107388395;-1.6;2.0;1000
f21_3_10_RS-1000-1;-348.8034426836844;-370.84;0.06124298787226391;1000
f21_4_10_RS-1000-1;1.7232170503654771;-32.56;2.0;1000
f21_5_10_RS-1000-1;539.1371691925993;515.4;0.04501912286462809;1000
f22_1_10_RS-1000-1;-961.426241612053;-1000.0;0.03933235680200147;1000
f22_2_10_RS-1000-1;1035.7544038919164;1000.0;0.03512644140527145;1000
f22_3_10_RS-1000-1;-12.428988118679655;-49.13;1.1923851578120295;1000
f22_4_10_RS-1000-1;351.5511290703313;297.73;0.16578682687850385;1000
f22_5_10_RS-1000-1;93.53527724298493;51.57;0.5784114546394106;1000
f23_1_10_RS-1000-1;9.958288231161378;6.87;0.36703533820424045;1000
f23_2_10_RS-1000-1;1.6991373445741556;0.01;1.9765963805501152;1000
f23_3_10_RS-1000-1;-127.75317480769957;-130.61;0.022114801727659453;1000
f23_4_10_RS-1000-1;-220.26191129570185;-223.12;0.012892220595765476;1000
f23_5_10_RS-1000-1;-41.63769932676081;-44.43;0.06488614648889508;1000
f24_1_10_RS-1000-1;242.82195677396732;102.61;0.8118065165911369;1000
f24_2_10_RS-1000-1;248.2869000548411;93.3;0.9074522473195444;1000
f24_3_10_RS-1000-1;114.797377572918;13.64;1.5752015415526173;1000
f24_4_10_RS-1000-1;342.54808367638145;194.8;0.5499157367996231;1000
f24_5_10_RS-1000-1;11.24189613246162;-133.59;2.0;1000
f1_1_20_RS-1000-1;171.16021036090564;79.48;0.7315682525871813;1000
f1_2_20_RS-1000-1;494.3811414786073;394.48;0.2247845851657396;1000
f1_3_20_RS-1000-1;-137.74075724791086;-247.11;0.5683722362101853;1000
f1_4_20_RS-1000-1;-49.9206750870506;-152.04;1.0112792984964343;1000
f1_5_20_RS-1000-1;67.9019088537788;-25.25;2.0;1000
f2_1_20_RS-1000-1;1665810.512506592;-209.88;2.0;1000
f2_2_20_RS-1000-1;1396985.321892883;-92.09;2.0;1000
f2_3_20_RS-1000-1;201899.09805301082;-87.89;2.0;1000
f2_4_20_RS-1000-1;1519724.9154769417;320.19;1.9991574197401216;1000
f2_5_20_RS-1000-1;976740.300491561;-104.24;2.0;1000
f3_1_20_RS-1000-1;37.18705183319133;-462.09;2.0;1000
f3_2_20_RS-1000-1;508.19568201268646;77.66;1.4697670270384557;1000
f3_3_20_RS-1000-1;697.8995182925337;115.68;1.431254118870747;1000
f3_4_20_RS-1000-1;469.60436467077255;-3.71;2.0;1000
f3_5_20_RS-1000-1;636.8593183955934;132.18;1.312492889046244;1000
f4_1_20_RS-1000-1;273.55407952575746;-462.09;2.0;1000
f4_2_20_RS-1000-1;930.971790246396;77.66;1.69201843229221;1000
f4_3_20_RS-1000-1;875.2331520899688;115.68;1.5330367762058041;1000
f4_4_20_RS-1000-1;793.4625060872614;-3.71;2.0;1000
f4_5_20_RS-1000-1;759.9394452588965;132.18;1.4073439349295165;1000
f5_1_20_RS-1000-1;213.22332612663527;-9.21;2.0;1000
f5_2_20_RS-1000-1;866.3207694098651;655.99;0.27633092222214434;1000
f5_3_20_RS-1000-1;296.168143631571;66.71;1.2646567320656223;1000
f5_4_20_RS-1000-1;1171.383952876563;941.67;0.2174236512644143;1000
f5_5_20_RS-1000-1;208.09953809983722;-37.45;2.0;1000
f6_1_20_RS-1000-1;264947.23189066106;35.9;1.9994580787124996;1000
f6_2_20_RS-1000-1;117552.12002374922;31.37;1.9989328433781424;1000
f6_3_20_RS-1000-1;119552.66059879838;-1000.0;2.0;1000
f6_4_20_RS-1000-1;310864.13393778686;131.92;1.9983032582139917;1000
f6_5_20_RS-1000-1;35472.645246980435;590.84;1.9344666777541177;1000
f7_1_20_RS-1000-1;540.8674993024315;92.94;1.413449666643012;1000
f7_2_20_RS-1000-1;532.3587485717707;35.35;1.7509286225450442;1000
f7_3_20_RS-1000-1;386.75525218955704;3.82;1.9608782176690904;1000
f7_4_20_RS-1000-1;395.8594490940882;21.75;1.7916713805477167;1000
f7_5_20_RS-1000-1;413.19924934259603;64.79;1.4578120734798188;1000
f8_1_20_RS-1000-1;45727.18999662788;149.15;1.9869954752265795;1000
f8_2_20_RS-1000-1;29265.256869756013;-1000.0;2.0;1000
f8_3_20_RS-1000-1;78907.70069183732;98.62;1.9950069817636662;1000
f8_4_20_RS-1000-1;123159.13377259203;-47.15;2.0;1000
f8_5_20_RS-1000-1;75361.39646890585;37.52;1.9980095204675532;1000
f9_1_20_RS-1000-1;48089.04646130819;123.83;1.989726396009632;1000
f9_2_20_RS-1000-1;39579.96319421449;47.51;1.9952043371761652;1000
f9_3_20_RS-1000-1;79352.61544324027;55.34;1.9972123699852944;1000
f9_4_20_RS-1000-1;42585.38663425946;-90.33;2.0;1000
f9_5_20_RS-1000-1;54924.40743600888;65.61;1.9952274974215929;1000
f1_1_20_RS-1000-1;632791.3257461862;79.48;1.9994976541861098;1000
f1_2_20_RS-1000-1;266957.78846118413;394.48;1.9940979741481826;1000
f1_3_20_RS-1000-1;1023182.632494439;-247.11;2.0;1000
f1_4_20_RS-1000-1;2249794.4955810695;-152.04;2.0;1000
f1_5_20_RS-1000-1;1910352.343822571;-25.25;2.0;1000
f11_1_20_RS-1000-1;236.1716630388741;76.27;1.0235617201856917;1000
f11_2_20_RS-1000-1;195.0945685904767;-22.55;2.0;1000
f11_3_20_RS-1000-1;275.3954276597684;13.66;1.8109705102499791;1000
f11_4_20_RS-1000-1;1253.3214981570914;937.84;0.2879582344089486;1000
f11_5_20_RS-1000-1;181.55687049029822;-78.72;2.0;1000
f12_1_20_RS-1000-1;1.591660501841584E8;-621.11;2.0;1000
f12_2_20_RS-1000-1;1.4397706542519015E8;-254.82;2.0;1000
f12_3_20_RS-1000-1;1.594958707465755E8;56.61;1.9999985802772284;1000
f12_4_20_RS-1000-1;7.340962891527611E7;-18.1;2.0;1000
f12_5_20_RS-1000-1;1.0589571595898135E8;37.77;1.9999985733138992;1000
f13_1_20_RS-1000-1;1773.254115768707;29.97;1.9335190789920775;1000
f13_2_20_RS-1000-1;2134.446790125797;-51.71;2.0;1000
f13_3_20_RS-1000-1;1486.5756417070356;-279.95;2.0;1000
f13_4_20_RS-1000-1;2555.048761620155;931.99;0.9309095037796746;1000
f13_5_20_RS-1000-1;1854.3371060799782;113.31;1.7696538171913552;1000
f14_1_20_RS-1000-1;-19.92648383849633;-52.35;0.8972079005380188;1000
f14_2_20_RS-1000-1;-155.81906365870543;-179.54;0.14146590274020646;1000
f14_3_20_RS-1000-1;107.2491903185876;77.31;0.3244399833669222;1000
f14_4_20_RS-1000-1;66.05827445844035;39.92;0.49327609063290684;1000
f14_5_20_RS-1000-1;-27.175074397064105;-56.61;0.7026293361856182;1000
f15_1_20_RS-1000-1;1464.4741925269498;1000.0;0.37693573252694595;1000
f15_2_20_RS-1000-1;531.9132502545466;70.03;1.5346405165577581;1000
f15_3_20_RS-1000-1;511.68054611255184;-48.22;2.0;1000
f15_4_20_RS-1000-1;622.0745918626747;25.47;1.842667205810583;1000
f15_5_20_RS-1000-1;367.8196074090553;-100.81;2.0;1000
f16_1_20_RS-1000-1;101.11807069085539;71.35;0.3452009473012997;1000
f16_2_20_RS-1000-1;-325.76827951058124;-355.22;0.08649699671948954;1000
f16_3_20_RS-1000-1;125.71365490753244;99.17;0.23606566620812572;1000
f16_4_20_RS-1000-1;-494.2096410251312;-517.91;0.04683311737901605;1000
f16_5_20_RS-1000-1;-26.30872043463594;-57.21;0.7399845065765407;1000
f17_1_20_RS-1000-1;-3.29429818883113;-16.94;1.348769468930826;1000
f17_2_20_RS-1000-1;26.180018773310113;18.81;0.3276290597007844;1000
f17_3_20_RS-1000-1;286.4022501450417;273.15;0.04736733751533163;1000
f17_4_20_RS-1000-1;46.97574756739123;37.18;0.23280044086226856;1000
f17_5_20_RS-1000-1;-136.46488991169232;-147.9;0.08042561155745198;1000
f18_1_20_RS-1000-1;34.67423903003571;-16.94;2.0;1000
f18_2_20_RS-1000-1;59.25666961424507;18.81;1.0362084053055245;1000
f18_3_20_RS-1000-1;326.01384041658633;273.15;0.1764587141301158;1000
f18_4_20_RS-1000-1;72.22793208693457;37.18;0.6406835668749464;1000
f18_5_20_RS-1000-1;-108.38465464552311;-147.9;0.3083707482145745;1000
f19_1_20_RS-1000-1;-86.157552049768;-102.55;0.17373388369649143;1000
f19_2_20_RS-1000-1;86.55590411017754;71.69;0.1878835878093535;1000
f19_3_20_RS-1000-1;231.68279112742178;214.01;0.07930481030539806;1000
f19_4_20_RS-1000-1;-41.55317684942271;-58.48;0.3384241845294343;1000
f19_5_20_RS-1000-1;-596.0911662396011;-613.08;0.02809996505826797;1000
f2_1_20_RS-1000-1;7251.2244894047935;-209.88;2.0;1000
f2_2_20_RS-1000-1;20895.869998560654;-92.09;2.0;1000
f2_3_20_RS-1000-1;19677.41728296198;-87.89;2.0;1000
f2_4_20_RS-1000-1;21960.999310654977;320.19;1.9425183287057515;1000
f2_5_20_RS-1000-1;26476.540963961786;-104.24;2.0;1000
f21_1_20_RS-1000-1;112.0479315602311;40.78;0.9326558415422074;1000
f21_2_20_RS-1000-1;69.4528365847698;-1.6;2.0;1000
f21_3_20_RS-1000-1;-305.89261164207176;-370.84;0.1919440181856621;1000
f21_4_20_RS-1000-1;39.0616741830343;-32.56;2.0;1000
f21_5_20_RS-1000-1;588.8932082907198;515.4;0.13310451923267066;1000
f22_1_20_RS-1000-1;-920.6795892112727;-1000.0;0.08259619275831447;1000
f22_2_20_RS-1000-1;1077.6662235411093;1000.0;0.07476294571390528;1000
f22_3_20_RS-1000-1;19.451535973837885;-49.13;2.0;1000
f22_4_20_RS-1000-1;371.6435072932129;297.73;0.22084383826931397;1000
f22_5_20_RS-1000-1;122.42901345778824;51.57;0.8144760369572841;1000
f23_1_20_RS-1000-1;9.940236180546494;6.87;0.3652817423350065;1000
f23_2_20_RS-1000-1;3.0134919676359218;0.01;1.9867702641752756;1000
f23_3_20_RS-1000-1;-126.7549255260637;-130.61;0.029958040832925414;1000
f23_4_20_RS-1000-1;-218.58246943636658;-223.12;0.02054564272381601;1000
f23_5_20_RS-1000-1;-40.61298542642488;-44.43;0.08976671160909375;1000
f24_1_20_RS-1000-1;540.6869146996542;102.61;1.3619742445187564;1000
f24_2_20_RS-1000-1;553.9681085334889;93.3;1.4234228520148215;1000
f24_3_20_RS-1000-1;446.451992408554;13.64;1.881415019386924;1000
f24_4_20_RS-1000-1;547.3788736145962;194.8;0.9501183236258104;1000
f24_5_20_RS-1000-1;276.723662174182;-133.59;2.0;1000
f1_1_40_RS-1000-1;350.9362640800826;79.48;1.2613662016711145;1000
f1_2_40_RS-1000-1;745.1924929755709;394.48;0.615461889511601;1000
f1_3_40_RS-1000-1;3.625689613174785;-247.11;2.0;1000
f1_4_40_RS-1000-1;125.84965864729932;-152.04;2.0;1000
f1_5_40_RS-1000-1;219.55381652673012;-25.25;2.0;1000
f2_1_40_RS-1000-1;7476922.519925635;-209.88;2.0;1000
f2_2_40_RS-1000-1;3862134.6838911283;-92.09;2.0;1000
f2_3_40_RS-1000-1;5053921.926073826;-87.89;2.0;1000
f2_4_40_RS-1000-1;7758990.901016448;320.19;1.9998349389546342;1000
f2_5_40_RS-1000-1;4255990.600254;-104.24;2.0;1000
f3_1_40_RS-1000-1;1065.0711830638584;-462.09;2.0;1000
f3_2_40_RS-1000-1;1525.1634312136864;77.66;1.806192002218998;1000
f3_3_40_RS-1000-1;1798.722318985718;115.68;1.7582953199486526;1000
f3_4_40_RS-1000-1;1546.4641967022449;-3.71;2.0;1000
f3_5_40_RS-1000-1;1934.5529648267407;132.18;1.7441759487083404;1000
f4_1_40_RS-1000-1;1685.3836439697977;-462.09;2.0;1000
f4_2_40_RS-1000-1;2491.080014831414;77.66;1.8790691162957622;1000
f4_3_40_RS-1000-1;2074.560294388991;115.68;1.788735509439121;1000
f4_4_40_RS-1000-1;2112.3052734302173;-3.71;2.0;1000
f4_5_40_RS-1000-1;2691.9616044127647;132.18;1.8127855914965927;1000
f5_1_40_RS-1000-1;499.88913636532567;-9.21;2.0;1000
f5_2_40_RS-1000-1;1098.1972028490122;655.99;0.5041733312508656;1000
f5_3_40_RS-1000-1;598.7483221596964;66.71;1.5990132047128205;1000
f5_4_40_RS-1000-1;1477.6145878377495;941.67;0.44306039110244017;1000
f5_5_40_RS-1000-1;428.2978126559487;-37.45;2.0;1000
f6_1_40_RS-1000-1;838172.5965073007;35.9;1.9998286822424272;1000
f6_2_40_RS-1000-1;588350.957479106;31.37;1.9997867373064422;1000
f6_3_40_RS-1000-1;529877.2703583111;-1000.0;2.0;1000
f6_4_40_RS-1000-1;574486.9979313068;131.92;1.9990816870389512;1000
f6_5_40_RS-1000-1;650700.9634150419;590.84;1.9963712732332763;1000
f7_1_40_RS-1000-1;1509.2652592260338;92.94;1.7679698042062453;1000
f7_2_40_RS-1000-1;1818.390144713553;35.35;1.9237217792346784;1000
f7_3_40_RS-1000-1;1326.1650903732966;3.82;1.9885111494026515;1000
f7_4_40_RS-1000-1;1362.7760635821987;21.75;1.9371626130497652;1000
f7_5_40_RS-1000-1;1762.6375992755784;64.79;1.8581831640811735;1000
f8_1_40_RS-1000-1;480358.5427890556;149.15;1.9987583965689764;1000
f8_2_40_RS-1000-1;380413.4605226813;-1000.0;2.0;1000
f8_3_40_RS-1000-1;387883.6419352178;98.62;1.9989832524867701;1000
f8_4_40_RS-1000-1;371641.738159203;-47.15;2.0;1000
f8_5_40_RS-1000-1;407886.56322072;37.52;1.9996320884052368;1000
f9_1_40_RS-1000-1;238733.5055785172;123.83;1.9979262935391946;1000
f9_2_40_RS-1000-1;263279.1056336908;47.51;1.9992783107034482;1000
f9_3_40_RS-1000-1;188770.69179736447;55.34;1.998827704009384;1000
f9_4_40_RS-1000-1;245462.74842781952;-90.33;2.0;1000
f9_5_40_RS-1000-1;251479.9939576032;65.61;1.9989566901751772;1000
f1_1_40_RS-1000-1;8327464.943863175;79.48;1.9999618230796714;1000
f1_2_40_RS-1000-1;9808137.467990007;394.48;1.9998391278115453;1000
f1_3_40_RS-1000-1;7656208.634600644;-247.11;2.0;1000
f1_4_40_RS-1000-1;5442793.302215639;-152.04;2.0;1000
f1_5_40_RS-1000-1;6064772.240761061;-25.25;2.0;1000
f11_1_40_RS-1000-1;695.2120909423392;76.27;1.604553360885727;1000
f11_2_40_RS-1000-1;464.35292076357257;-22.55;2.0;1000
f11_3_40_RS-1000-1;440.2860247575932;13.66;1.879633266908378;1000
f11_4_40_RS-1000-1;1366.3429062149814;937.84;0.37193480175484117;1000
f11_5_40_RS-1000-1;532.6432991792012;-78.72;2.0;1000
f12_1_40_RS-1000-1;4.354893429286056E8;-621.11;2.0;1000
f12_2_40_RS-1000-1;3.5961916934189624E8;-254.82;2.0;1000
f12_3_40_RS-1000-1;4.054954906145514E8;56.61;1.9999994415721662;1000
f12_4_40_RS-1000-1;4.092997948771554E8;-18.1;2.0;1000
f12_5_40_RS-1000-1;2.867627854269291E8;37.77;1.9999994731534645;1000
f13_1_40_RS-1000-1;3122.004719858289;29.97;1.961966700035783;1000
f13_2_40_RS-1000-1;3490.581725987174;-51.71;2.0;1000
f13_3_40_RS-1000-1;2921.1341806651067;-279.95;2.0;1000
f13_4_40_RS-1000-1;3729.5383979840954;931.99;1.2002708807668796;1000
f13_5_40_RS-1000-1;3242.6227417095533;113.31;1.8649436580278085;1000
f14_1_40_RS-1000-1;22.13353590939665;-52.35;2.0;1000
f14_2_40_RS-1000-1;-122.9726388173304;-179.54;0.37398345671651284;1000
f14_3_40_RS-1000-1;146.14728501180832;77.31;0.616111352182326;1000
f14_4_40_RS-1000-1;104.46962947808191;39.92;0.8941034021820857;1000
f14_5_40_RS-1000-1;14.20324320922299;-56.61;2.0;1000
f15_1_40_RS-1000-1;2665.6468744122994;1000.0;0.9087874154159199;1000
f15_2_40_RS-1000-1;1525.6381924073314;70.03;1.8244497187241715;1000
f15_3_40_RS-1000-1;1400.4769993353252;-48.22;2.0;1000
f15_4_40_RS-1000-1;1624.2291236027952;25.47;1.9382432841586874;1000
f15_5_40_RS-1000-1;1572.4188700054694;-100.81;2.0;1000
f16_1_40_RS-1000-1;108.17132657428556;71.35;0.4102167388903399;1000
f16_2_40_RS-1000-1;-314.9806121032796;-355.22;0.12008162084614576;1000
f16_3_40_RS-1000-1;132.84858359676508;99.17;0.29030936293703535;1000
f16_4_40_RS-1000-1;-473.86059477012975;-517.91;0.08882982710347424;1000
f16_5_40_RS-1000-1;-18.994512131930314;-57.21;1.0029717873374346;1000
f17_1_40_RS-1000-1;-2.1303265084991043;-16.94;1.5531641248932622;1000
f17_2_40_RS-1000-1;35.714471293428176;18.81;0.6200691503253758;1000
f17_3_40_RS-1000-1;289.54233420931786;273.15;0.058263932926514835;1000
f17_4_40_RS-1000-1;51.85262440586124;37.18;0.3296010760948726;1000
f17_5_40_RS-1000-1;-131.63107550045913;-147.9;0.11640154476860053;1000
f18_1_40_RS-1000-1;33.13625286805063;-16.94;2.0;1000
f18_2_40_RS-1000-1;74.59713674114744;18.81;1.194494097292509;1000
f18_3_40_RS-1000-1;337.04113272002235;273.15;0.20941350765035754;1000
f18_4_40_RS-1000-1;93.26390780089315;37.18;0.8598930949921931;1000
f18_5_40_RS-1000-1;-86.98667626371325;-147.9;0.5186613792252551;1000
f19_1_40_RS-1000-1;-80.62025837300979;-102.55;0.2394465326606927;1000
f19_2_40_RS-1000-1;97.44733751724553;71.69;0.3045730516435411;1000
f19_3_40_RS-1000-1;239.31975493433237;214.01;0.11166156493742023;1000
f19_4_40_RS-1000-1;-36.970734741746554;-58.48;0.4506883119642683;1000
f19_5_40_RS-1000-1;-587.8996118556997;-613.08;0.04193308178711328;1000
f2_1_40_RS-1000-1;113597.99860377508;-209.88;2.0;1000
f2_2_40_RS-1000-1;104227.00215335797;-92.09;2.0;1000
f2_3_40_RS-1000-1;85997.19466728733;-87.89;2.0;1000
f2_4_40_RS-1000-1;79932.15395702634;320.19;1.98404083996991;1000
f2_5_40_RS-1000-1;70150.78845656625;-104.24;2.0;1000
f21_1_40_RS-1000-1;119.60495712181253;40.78;0.982947011195631;1000
f21_2_40_RS-1000-1;79.33103287934013;-1.6;2.0;1000
f21_3_40_RS-1000-1;-288.8815495631882;-370.84;0.24846376623918914;1000
f21_4_40_RS-1000-1;49.01145595548941;-32.56;2.0;1000
f21_5_40_RS-1000-1;596.6457652960568;515.4;0.14611946348166158;1000
f22_1_40_RS-1000-1;-915.943450763103;-1000.0;0.08774429036871421;1000
f22_2_40_RS-1000-1;1084.6392615100576;1000.0;0.08120278944448851;1000
f22_3_40_RS-1000-1;33.083107490332075;-49.13;2.0;1000
f22_4_40_RS-1000-1;380.26024666758246;297.73;0.24345555728339818;1000
f22_5_40_RS-1000-1;135.81623215156773;51.57;0.8991720595932043;1000
f23_1_40_RS-1000-1;12.044084362030635;6.87;0.5471144426549591;1000
f23_2_40_RS-1000-1;4.5107415080905335;0.01;1.9911518940137556;1000
f23_3_40_RS-1000-1;-125.02372486215503;-130.61;0.043705306417275394;1000
f23_4_40_RS-1000-1;-218.12012112719705;-223.12;0.02266284788441361;1000
f23_5_40_RS-1000-1;-39.711948470528796;-44.43;0.1121450504827263;1000
f24_1_40_RS-1000-1;1142.7074868992595;102.61;1.6704133650110686;1000
f24_2_40_RS-1000-1;1242.6787320774472;93.3;1.7206542357005385;1000
f24_3_40_RS-1000-1;1163.0285190568115;13.64;1.953631801041355;1000
f24_4_40_RS-1000-1;1238.2523840186093;194.8;1.4562655150016615;1000
f24_5_40_RS-1000-1;1011.6454724308265;-133.59;2.0;1000
